--INVEST_USER 데이터 생성
INSERT INTO PUBLIC.INVEST_USER (ID, EMAIL, NAME)
VALUES (1, 'admin@kakao.com', 'admin');
INSERT INTO PUBLIC.INVEST_USER (ID, EMAIL, NAME)
VALUES (2, 'rolroralra@naver.com', 'rolroralra');
INSERT INTO PUBLIC.INVEST_USER (ID, EMAIL, NAME)
VALUES (3, 'guest01@kakao.com', 'guest01');
INSERT INTO PUBLIC.INVEST_USER (ID, EMAIL, NAME)
VALUES (4, 'guest02@kakao.com', 'guest02');
INSERT INTO PUBLIC.INVEST_USER (ID, EMAIL, NAME)
VALUES (5, 'guest03@kakao.com', 'guest03');
INSERT INTO PUBLIC.INVEST_USER (ID, EMAIL, NAME)
VALUES (6, 'guest04@kakao.com', 'guest04');

--INVEST_PRODUCT 데이터 생성
INSERT INTO PUBLIC.INVEST_PRODUCT (ID, FINISHED_AT, STARTED_AT, STATE, TITLE, TOTAL_AMOUNT, CURRENT_AMOUNT)
VALUES (1, '2021-06-01 09:00:00.000000', '2021-03-01 09:00:00.000000', 'PROCEED', 'KAKAO', 1000, 40);
INSERT INTO PUBLIC.INVEST_PRODUCT (ID, FINISHED_AT, STARTED_AT, STATE, TITLE, TOTAL_AMOUNT, CURRENT_AMOUNT)
VALUES (2, '2021-06-01 09:00:00.000000', '2021-03-01 09:00:00.000000', 'PROCEED', 'NAVER', 2500, 35);
INSERT INTO PUBLIC.INVEST_PRODUCT (ID, FINISHED_AT, STARTED_AT, STATE, TITLE, TOTAL_AMOUNT, CURRENT_AMOUNT)
VALUES (3, '2021-06-01 09:00:00.000000', '2021-03-01 09:00:00.000000', 'PROCEED', 'GOOGLE', 5000, 30);
INSERT INTO PUBLIC.INVEST_PRODUCT (ID, FINISHED_AT, STARTED_AT, STATE, TITLE, TOTAL_AMOUNT, CURRENT_AMOUNT)
VALUES (4, '2021-06-01 09:00:00.000000', '2021-03-01 09:00:00.000000', 'PROCEED', 'APPLE', 7500, 25);
INSERT INTO PUBLIC.INVEST_PRODUCT (ID, FINISHED_AT, STARTED_AT, STATE, TITLE, TOTAL_AMOUNT, CURRENT_AMOUNT)
VALUES (5, '2021-05-18 09:00:00.000000', '2021-05-24 09:00:00.000000', 'COMPLETED', 'SKIET', 900, 0);
INSERT INTO PUBLIC.INVEST_PRODUCT (ID, FINISHED_AT, STARTED_AT, STATE, TITLE, TOTAL_AMOUNT, CURRENT_AMOUNT)
VALUES (6, '2021-06-01 09:00:00.000000', '2021-03-01 09:00:00.000000', 'PROCEED', 'SAMSUNG', 3500, 200);
INSERT INTO PUBLIC.INVEST_PRODUCT (ID, FINISHED_AT, STARTED_AT, STATE, TITLE, TOTAL_AMOUNT, CURRENT_AMOUNT)
VALUES (7, '2021-05-19 09:00:00.000000', '2021-03-01 09:00:00.000000', 'COMPLETED', 'LG', 2000, 60);
INSERT INTO PUBLIC.INVEST_PRODUCT (ID, FINISHED_AT, STARTED_AT, STATE, TITLE, TOTAL_AMOUNT, CURRENT_AMOUNT)
VALUES (8, '2021-06-01 09:00:00.000000', '2021-03-01 09:00:00.000000', 'PROCEED', 'IBM', 2600, 0);
INSERT INTO PUBLIC.INVEST_PRODUCT (ID, FINISHED_AT, STARTED_AT, STATE, TITLE, TOTAL_AMOUNT, CURRENT_AMOUNT)
VALUES (9, '2021-06-01 09:00:00.000000', '2021-06-01 09:00:00.000000', 'SOLD_OUT', 'TESLA', 5500, 5500);

-- --INVEST_USER_PRODUCT 데이터 생성
-- INSERT INTO PUBLIC.INVEST_USER_PRODUCT (ID, FINISHED_AT, TITLE, TOTAL_PRODUCT_INVEST_AMOUNT, TOTAL_USER_INVEST_AMOUNT, PRODUCT_ID, USER_ID)
-- VALUES (1, '2021-05-01 09:00:00.000000', 'KAKAO', 1000, 10, 1, 1);
-- INSERT INTO PUBLIC.INVEST_USER_PRODUCT (ID, FINISHED_AT, TITLE, TOTAL_PRODUCT_INVEST_AMOUNT, TOTAL_USER_INVEST_AMOUNT, PRODUCT_ID, USER_ID)
-- VALUES (2, '2021-05-01 09:00:00.000000', 'NAVER', 2500, 35, 2, 2);
-- INSERT INTO PUBLIC.INVEST_USER_PRODUCT (ID, FINISHED_AT, TITLE, TOTAL_PRODUCT_INVEST_AMOUNT, TOTAL_USER_INVEST_AMOUNT, PRODUCT_ID, USER_ID)
-- VALUES (3, '2021-05-01 09:00:00.000000', 'NAVER', 2500, 5, 2, 2);
-- INSERT INTO PUBLIC.INVEST_USER_PRODUCT (ID, FINISHED_AT, TITLE, TOTAL_PRODUCT_INVEST_AMOUNT, TOTAL_USER_INVEST_AMOUNT, PRODUCT_ID, USER_ID)
-- VALUES (4, '2021-05-01 09:00:00.000000', 'GOOGLE', 5000, 100, 3, 3);
-- INSERT INTO PUBLIC.INVEST_USER_PRODUCT (ID, FINISHED_AT, TITLE, TOTAL_PRODUCT_INVEST_AMOUNT, TOTAL_USER_INVEST_AMOUNT, PRODUCT_ID, USER_ID)
-- VALUES (5, '2021-05-19 09:00:00.000000', 'APPLE', 7500, 20, 4, 3);
-- INSERT INTO PUBLIC.INVEST_USER_PRODUCT (ID, FINISHED_AT, TITLE, TOTAL_PRODUCT_INVEST_AMOUNT, TOTAL_USER_INVEST_AMOUNT, PRODUCT_ID, USER_ID)
-- VALUES (6, '2021-05-01 09:00:00.000000', 'GOOGLE', 5000, 20, 3, 4);
-- INSERT INTO PUBLIC.INVEST_USER_PRODUCT (ID, FINISHED_AT, TITLE, TOTAL_PRODUCT_INVEST_AMOUNT, TOTAL_USER_INVEST_AMOUNT, PRODUCT_ID, USER_ID)
-- VALUES (7, '2021-05-01 09:00:00.000000', 'APPLE', 7500, 5, 4, 4);
-- INSERT INTO PUBLIC.INVEST_USER_PRODUCT (ID, FINISHED_AT, TITLE, TOTAL_PRODUCT_INVEST_AMOUNT, TOTAL_USER_INVEST_AMOUNT, PRODUCT_ID, USER_ID)
-- VALUES (8, '2021-05-01 09:00:00.000000', 'LG', 2000, 10, 7, 4);
-- INSERT INTO PUBLIC.INVEST_USER_PRODUCT (ID, FINISHED_AT, TITLE, TOTAL_PRODUCT_INVEST_AMOUNT, TOTAL_USER_INVEST_AMOUNT, PRODUCT_ID, USER_ID)
-- VALUES (9, '2021-05-01 09:00:00.000000', 'SAMSUNG', 3500, 200, 6, 5);
-- INSERT INTO PUBLIC.INVEST_USER_PRODUCT (ID, FINISHED_AT, TITLE, TOTAL_PRODUCT_INVEST_AMOUNT, TOTAL_USER_INVEST_AMOUNT, PRODUCT_ID, USER_ID)
-- VALUES (10, '2021-05-01 09:00:00.000000', 'SKIET', 900, 30, 5, 6);
-- INSERT INTO PUBLIC.INVEST_USER_PRODUCT (ID, FINISHED_AT, TITLE, TOTAL_PRODUCT_INVEST_AMOUNT, TOTAL_USER_INVEST_AMOUNT, PRODUCT_ID, USER_ID)
-- VALUES (11, '2021-05-01 09:00:00.000000', 'LG', 2000, 150, 7, 6);
-- INSERT INTO PUBLIC.INVEST_USER_PRODUCT (ID, FINISHED_AT, TITLE, TOTAL_PRODUCT_INVEST_AMOUNT, TOTAL_USER_INVEST_AMOUNT, PRODUCT_ID, USER_ID)
-- VALUES (12, '2021-05-01 09:00:00.000000', 'NAVER', 2500, 5, 2, 2);
-- INSERT INTO PUBLIC.INVEST_USER_PRODUCT (ID, FINISHED_AT, TITLE, TOTAL_PRODUCT_INVEST_AMOUNT, TOTAL_USER_INVEST_AMOUNT, PRODUCT_ID, USER_ID)
-- VALUES (13, '2021-05-01 09:00:00.000000', 'NAVER', 2500, 10, 2, 2);

--INVEST_ORDER 데이터 생성
INSERT INTO PUBLIC.INVEST_ORDER (ID, FINISHED_AT, STARTED_AT, STATE, USER_ID)
VALUES (1, '2021-05-01 09:00:00.000000', '2021-03-01 09:00:00.000000', 'COMPLETED', 1);
INSERT INTO PUBLIC.INVEST_ORDER (ID, FINISHED_AT, STARTED_AT, STATE, USER_ID)
VALUES (2, '2021-05-01 09:00:00.000000', '2021-03-01 09:00:00.000000', 'COMPLETED', 2);
INSERT INTO PUBLIC.INVEST_ORDER (ID, FINISHED_AT, STARTED_AT, STATE, USER_ID)
VALUES (3, '2021-05-01 09:00:00.000000', '2021-03-01 09:00:00.000000', 'COMPLETED', 3);
INSERT INTO PUBLIC.INVEST_ORDER (ID, FINISHED_AT, STARTED_AT, STATE, USER_ID)
VALUES (4, '2021-05-19 09:00:00.000000', '2021-03-01 09:00:00.000000', 'COMPLETED', 3);
INSERT INTO PUBLIC.INVEST_ORDER (ID, FINISHED_AT, STARTED_AT, STATE, USER_ID)
VALUES (5, '2021-05-01 09:00:00.000000', '2021-03-01 09:00:00.000000', 'COMPLETED', 4);
INSERT INTO PUBLIC.INVEST_ORDER (ID, FINISHED_AT, STARTED_AT, STATE, USER_ID)
VALUES (6, '2021-05-01 09:00:00.000000', '2021-03-01 09:00:00.000000', 'COMPLETED', 5);
INSERT INTO PUBLIC.INVEST_ORDER (ID, FINISHED_AT, STARTED_AT, STATE, USER_ID)
VALUES (7, '2021-05-01 09:00:00.000000', '2021-05-24 09:00:00.000000', 'COMPLETED', 6);
INSERT INTO PUBLIC.INVEST_ORDER (ID, FINISHED_AT, STARTED_AT, STATE, USER_ID)
VALUES (8, '2021-05-01 09:00:00.000000', '2021-05-24 09:00:00.000000', 'COMPLETED', 2);
INSERT INTO PUBLIC.INVEST_ORDER (ID, FINISHED_AT, STARTED_AT, STATE, USER_ID)
VALUES (9, '2021-05-01 09:00:00.000000', '2021-05-24 09:00:00.000000', 'COMPLETED', 2);

--INVEST_ORDER_ITEM 데이터 생성
INSERT INTO PUBLIC.INVEST_ORDER_ITEM (ID, AMOUNT, STATE, ORDER_ID, PRODUCT_ID)
VALUES (1, 10, 'SUCCESS', 1, 1);
INSERT INTO PUBLIC.INVEST_ORDER_ITEM (ID, AMOUNT, STATE, ORDER_ID, PRODUCT_ID)
VALUES (2, 30, 'SUCCESS', 1, 2);
INSERT INTO PUBLIC.INVEST_ORDER_ITEM (ID, AMOUNT, STATE, ORDER_ID, PRODUCT_ID)
VALUES (3, 5, 'SUCCESS', 2, 2);
INSERT INTO PUBLIC.INVEST_ORDER_ITEM (ID, AMOUNT, STATE, ORDER_ID, PRODUCT_ID)
VALUES (4, 100, 'SUCCESS', 3, 3);
INSERT INTO PUBLIC.INVEST_ORDER_ITEM (ID, AMOUNT, STATE, ORDER_ID, PRODUCT_ID)
VALUES (5, 20, 'SUCCESS', 4, 4);
INSERT INTO PUBLIC.INVEST_ORDER_ITEM (ID, AMOUNT, STATE, ORDER_ID, PRODUCT_ID)
VALUES (6, 20, 'SUCCESS', 5, 3);
INSERT INTO PUBLIC.INVEST_ORDER_ITEM (ID, AMOUNT, STATE, ORDER_ID, PRODUCT_ID)
VALUES (7, 5, 'SUCCESS', 5, 4);
INSERT INTO PUBLIC.INVEST_ORDER_ITEM (ID, AMOUNT, STATE, ORDER_ID, PRODUCT_ID)
VALUES (8, 10, 'SUCCESS', 5, 7);
INSERT INTO PUBLIC.INVEST_ORDER_ITEM (ID, AMOUNT, STATE, ORDER_ID, PRODUCT_ID)
VALUES (9, 200, 'SUCCESS', 6, 6);
INSERT INTO PUBLIC.INVEST_ORDER_ITEM (ID, AMOUNT, STATE, ORDER_ID, PRODUCT_ID)
VALUES (10, 30, 'SUCCESS', 7, 5);
INSERT INTO PUBLIC.INVEST_ORDER_ITEM (ID, AMOUNT, STATE, ORDER_ID, PRODUCT_ID)
VALUES (11, 150, 'SUCCESS', 7, 7);
INSERT INTO PUBLIC.INVEST_ORDER_ITEM (ID, AMOUNT, STATE, ORDER_ID, PRODUCT_ID)
VALUES (12, 5, 'SUCCESS', 8, 2);
INSERT INTO PUBLIC.INVEST_ORDER_ITEM (ID, AMOUNT, STATE, ORDER_ID, PRODUCT_ID)
VALUES (13, 10, 'SUCCESS', 9, 2);